eps,levels,mlmc_cost,mc_cost
0.01,4,4149,144646560.0830134
0.001,5,346413,29219682671.37711
0.0001,8,35696357,23037852361677.125
